Name,Industry,Address,Rating,BBB_rating,Business_phone,Website
RLC Construction,"Residential General Contractor, Painting Contractors, Bathroom Remodel ...","Carmel, IN 46032-5247",,A+,(317) 679-3404,
Allied Diversified Construction,"General Contractor, Building Contractors, Commercial Contractors ...","881 3rd Ave SW Ste 100, Carmel, IN 46032-3157",,,(317) 846-2467,
That Contractor Guy Inc.,General Contractor,"12863 Tradd Street, Carmel, IN 46032",,A+,(317) 696-8509,
"IRC Roofing, Inc.","Roofing Contractors, General Contractor","427 Gradle Dr, Carmel, IN 46032-2535",,A+,(317) 574-0637,
"Thomas Jefferson Roofing & Remodeling, LLC","Roofing Contractors, General Contractor, Construction Services ...","1010 3rd Ave SW Ste 209, Carmel, IN 46032-7542",,A+,(317) 846-3598,
"Steve Schutz Builder, Inc.","Home Builders, Roofing Contractors, General Contractor","1016 3rd Ave SW Ste 100, Carmel, IN 46032-2538",,A+,(317) 846-6642,
James Taylor,"General Contractor, Commercial Contractors, Building Restoration","280 Wyndotte Drive, Carmel, IN 46032-9241",,,(317) 439-1700,
"Lush Design Build, LLC","Interior Designer, General Contractor, Pool Contractors ...","Carmel, IN 46032-9221",,A+,(317) 586-0799,
Robert Stevens Roofing,"Roofing Contractors, General Contractor, Painting Contractors ...","13295 Illinois St, Ste 131, Carmel, IN 46032-3019",,A+,(317) 722-1844,
The Roof Squad,"Roofing Contractors, Gutters, Metal Roofing Contractors ...","1033 3rd Ave SW Ste 201, Carmel, IN 46032-7608",,A+,"(317) 922-0055,+1 317-743-7329",
GEMCO LLC,"General Contractor, Plumber, Mechanical Contractors ...","475 Gradle Dr, Carmel, IN 46032-2535",,A+,(317) 846-9299,
"Preferred Roofing & Restoration, LLC","Roofing Contractors, General Contractor, Siding Contractors ...","Carmel, IN 46033",,A+,(317) 414-3044,
"Maintenance One, L L C","General Contractor, Roofing Contractors, Home Improvement","13277 N. Illinois Street, #100, Carmel, IN 46032",,,(317) 566-1030,
"Phelps & Sons Construction, LLC","Home Improvement, General Contractor, Construction Services ...","22 Sherry Court, Carmel, IN 46032-1067",,A+,(317) 502-0196,
"Under Construction, LLC","Home Improvement, General Contractor, Construction Services ...","22 Sherry Court, Carmel, IN 46032-1067",,A+,(317) 502-0196,
"Under Construction, LLC","General Contractor, Roofing Contractors, Construction Services ...","1337 Ironwood Drive West, Carmel, IN 46033-8723",,,(317) 571-1018,
"Restor Group, LLC","General Contractor, Roofing Contractors, Construction Services ...","650 E Carmel Dr Ste 280, Carmel, IN 46032-2867",,A+,(317) 644-0099,
"Kbso Consulting, LLC","Construction, General Contractor, Electrical Contractors ...","1344 S Rangeline Rd Ste 202, Carmel, IN 46032-2932",,,(317) 344-8044,
AmeriPro Roofing,"Roofing Contractors, General Contractor, Siding Contractors ...","11711 Pennsylvania St Ste 105, Carmel, IN 46032",,,(800) 200-8151,
"Home Experts, LLC","General Contractor, Roofing Contractors, Construction Services ...","13672 Stone Dr, Carmel, IN 46032-9637",,A+,(317) 289-7560,
"Transfeld Enterprises, LLC","General Contractor, Roofing Contractors, Painting Contractors ...","Carmel, IN 46032-3431",,A+,(317) 993-3161,
"The Oak Standard, LLC","General Contractor, Construction Services, Painting Contractors ...","PO Box 4744, Carmel, IN 46082-3131",,A+,(419) 343-4212,
"MJ Brown Renovations, LLC","Home Renovation, General Contractor, Construction Services ...","166 W Carmel Dr, Carmel, IN 46032-2526",,A+,"(317) 623-0444,+1 317-623-0444",
"Hudson Construction, Roofing & Restoration, LLC","Roofing Contractors, General Contractor, Gutters ...","Carmel, IN 46033-4424",,A+,(765) 714-7549,
"AY Remodeling & Restoration, LLC","Remodeling, Roofing Contractors, General Contractor ...","Carmel, IN 46033-8610",,A+,(317) 828-1191,
"Blaze Construction, Inc.","General Contractor, Construction Services, Remodel Contractors ...","10411 N College Ave, Carmel, IN 46280-1436",,,(317) 580-1008,
Element Roofing,"Roofing Contractors, General Contractor, Siding Contractors ...","5733 Pebblestone Ct, Carmel, IN 46033",,A+,(317) 760-2898,
"Mr. Right Renovations, LLC","Home Renovation, General Contractor, Construction Services ...","Carmel, IN 46033",,A+,(317) 450-9535,
"James Frye Construction, Inc.","General Contractor, Roofing Contractors, Construction Services ...","12060 Durbin Dr, Carmel, IN 46032-8939",,A+,(317) 876-1919,
White Flag Roofing,"Roofing Contractors, General Contractor, Siding Contractors ...","Carmel, IN 46032-9345",,A+,(317) 658-1305,
Risk Free Exteriors,"Residential General Contractor, Roofing Contractors, Painting Contractors ...","4000 W 106th St Ste 125-235, Carmel, IN 46032-7720",,A+,(317) 757-2970,
Heartland General Contractors,"General Contractor, Home Renovation","3815 River Crossing Pkwy Ste 109, Indianapolis, IN 46240-7746",,A+,"(463) 701-7663,+1 317-754-7728",
Eco-Nomical Contractors,"General Contractor, Roofing Contractors, Plumber ...","1300 E 86th St Ste 14 Box 130, Indianapolis, IN 46240-1910",,A+,(317) 259-7286,
Onox General Contractors LLC,"Custom Home Builder, Roofing Contractors, General Contractor ...","3250A W 86th St, Indianapolis, IN 46268-3605",,A+,(317) 795-7869,
"Proliance General Contractors, Inc.","General Contractor, Roofing Contractors, Siding Contractors ...","9465 Counselors Row, Indianapolis, IN 46240-6423",,B-,(317) 727-4982,
Blend N Contractors,"General Contractor, Roofing Contractors, Siding Contractors ...","15275 Stony Creek Way Ste A, Noblesville, IN 46060-4335",,A+,(317) 284-1965,
"Integrity 1st Contractors, LLC","General Contractor, Roofing Contractors, Siding Contractors ...","943 Marwood Trail North Dr, Indianapolis, IN 46280-1742",,,(317) 694-0051,
Conerstone Contractors,"General Contractor, Drywall Contractors, Construction","7616 Davis Ln, Indianapolis, IN 46236-8876",,,(317) 345-0205,
"Mattcon General Contractors, Inc","General Contractor, Design Contractors, Construction Management","P O Box 98, Zionsville, IN 46077",,A+,(317) 872-4700,
"JL Fox, Inc. General Contractors","Fire and Water Damage Restoration, General Contractor, Remodeling ...","4624 N Keystone Avenue, Indianapolis, IN 46205-1512",,A+,(317) 255-4144,
"Hoosier Contractors, LLC","Roofing Contractors, General Contractor, Siding Contractors ...","Indianapolis, IN 46256-3753",,F,(317) 677-4755,
Indianapolis Downtown Contractors,General Contractor,"2831 N. Delware Street, Indianapolis, IN 46205",,,(317) 514-6739,
North American Contractors,"Roofing Contractors, General Contractor, Construction Services ...","6011 E Hanna Avenue #C, Indianapolis, IN 46203",,A+,(317) 744-1134,
"Circle City Contractors, Inc.","General Contractor, Roofing Contractors, Construction Services ...","PO Box 50568, Indianapolis, IN 46250-0568",,A+,(317) 214-2000,
"Copasetic Contractors, LLC","General Contractor, Construction","7275 N Shadeland Ave Ste 2, Indianapolis, IN 46250-2879",,A+,(317) 546-3482,
"VIP Contractors, LLC","Construction, Roofing Contractors, Remodeling ...","2804 55th Pl Ste M, Indianapolis, IN 46220-3586",,A,(317) 480-3190,
Indianapolis General Contractors,"Roofing Contractors, General Contractor, Construction Services ...","4401 Asbury Street, Indianapolis, IN 46227-8609",,A+,(317) 783-4829,
Best Contractors,General Contractor,"2737 S Kitley Ave, Indianapolis, IN 46203-5854",,,(317) 850-5565,
Main Street Contractors,"General Contractor, Painting Contractors, Construction ...","Indianapolis, IN 46219-6208",,A+,(317) 401-3664,
Total Restoration General Contractors,"General Contractor, Water Damage Restoration","7002 Brookville Rd, Indianapolis, IN 46239-1006",,,(317) 548-6449,
Contractors Plus,"General Contractor, Roofing Contractors, Construction Services ...","4202 S Walcott St, Indianapolis, IN 46227-8662",,A+,(317) 791-7587,
Ridgeline General Contractors,"General Contractor, Roofing Contractors, Home Improvement ...","4614 Sundance Trl, Indianapolis, IN 46239-9704",,A+,(317) 967-3539,
"Gicko Roofing Contractors, Inc.","Roofing Contractors, General Contractor","6004 N Ewing St, Indianapolis, IN 46220-5145",,A+,(317) 223-4775,
"Capital Construction Contractors Select, LLC","Construction, General Contractor, Drywall Contractors ...","3333 N Illinois St Ste 7, Indianapolis, IN 46208-4682",,A+,(317) 403-7436,
"StoneCo Commercial Contractors, LLC",General Contractor,"14725 Pleasant Crest Ave, Fishers, IN 46037-4415",,,(317) 752-3931,
Cern Construction Contractors Llc,General Contractor,"Indianapolis, IN 46201",,A+,(317) 225-1067,
"Gilliatte General Contractors, Inc.",Building Contractors,"2515 Bloyd Avenue, Indianapolis, IN 46218-3654",,A+,"(317) 638-3355,+1 317-638-3355",
"G.E.S. General Contractors, LLC","Sewer Contractors, Sewer Cleaning, Sewer Inspection ...","5433 W SR 234, McCordsville, IN 46055-9547",,A+,(317) 336-4437,
"1st Choice Contractors, LLC",General Contractor,"3510 Delmar Rd, Indianapolis, IN 46220-5570",,,(317) 628-4721,
"J and J Contractors Of Indianapolis, LLC",General Contractor,"2625 N College Ave, Indianapolis, IN 46205",,A+,(317) 937-6021,
"Shaddai Painting & Remodeling Contractors, Inc.","Residential Painter, Roofing Contractors, General Contractor ...","Fishers, IN 46038-6579",,A+,(317) 820-1054,
"Mills General Contractors, Inc.",General Contractor,"7482 W Lane Rd, McCordsville, IN 46055-9506",,A+,(317) 590-4397,
"Circle City General Contractors, LLC",General Contractor,"Indianapolis, IN 46208",,,(317) 529-7858,
"D & D Contractors, LLC","General Contractor, Roofing Contractors, Construction Services ...","Indianapolis, IN 46240-0568",,A+,(317) 299-9700,
"D & D Contractors, LLC","General Contractor, Construction Services, Handyman ...","502 S Main Street, Whitestown, IN 46075-9415",,,(317) 440-1298,
Legacy General Contractors Corp.,"General Contractor, Roofing Contractors, Painting Contractors ...","2520 E Stop 11 Rd, Indianapolis, IN 46227-8869",,A+,(317) 883-3322,
"Zinc Contractors, LLC","General Contractor, Painting Contractors, Remodel Contractors ...","973 N Shadeland Ave Ste 258, Indianapolis, IN 46219-4809",,A+,(317) 762-9822,
GH General Contractors & Home Improvement LLC,"General Contractor, Roofing Contractors, Painting Contractors ...","Indianapolis, IN 46203-5010",,,(317) 345-1098,
"Signa Contractors, LLC",General Contractor,"1545 Sturm Ave, Indianapolis, IN 46201-3034",,C+,(317) 766-2819,
LJS Contractors Roofing and Restoration,"Roofing Contractors, General Contractor, Construction Services ...","125 E Greencastle Rd, Mooresville, IN 46158-7247",,A+,(317) 834-4766,
"L.G.C. Contractors, Inc.","General Contractor, Roofing Contractors, Construction Services ...","8438 Crawfordsville Road, Indianapolis, IN 46234-1716",,A+,(317) 271-9595,
"Vokes General Contractors, LLC",General Contractor,"2367 Salem Park Ct, Indianapolis, IN 46239-7900",,,(317) 509-3338,
"Ice Restoration General Contractors, LLC","Fire and Water Damage Restoration, Remodel Contractors, Remodeling ...","9030 E Washington St, Indianapolis, IN 46229-3025",,A+,(317) 281-9010,
"123Steps General Contractors, LLC","General Contractor, Bathroom Design","3521 Division St, Indianapolis, IN 46217-3323",,A+,(317) 488-0872,
Expert Roofing General Contractors,"Roofing Contractors, General Contractor, Construction Services ...","704 S SR 135, , Ste D177, Greenwood, IN 46143-6561",,A+,(317) 888-5002,
Allure Pro Contractors LLC,General Contractor,"5351 E Thompson Road #214, Indianapolis, IN 46237",,,(317) 292-8377,
"Millennium Contractors, LLC",General Contractor,"1401 S Holt Road, Indianapolis, IN 46241-4105",,,(317) 780-0109,
"Superior Contractors, Inc.",General Contractor,"2209 E Beecher St Ste A, Indianapolis, IN 46203-2928",,,(317) 354-0460,
"J2LR Contractors, LLC","General Contractor, Construction Services, Building Contractors","520 Tracy Ln, Brownsburg, IN 46112-8016",,A+,(317) 504-1339,
"Quantum General Contractors, Inc.","General Contractor, Construction Management","1300 E US Highway 136 #K, Pittsboro, IN 46167",,,(317) 227-1003,
"Barras General Contractors, Inc",General Contractor,"10871 Shelbyville Rd, Indianapolis, IN 46237",,A,(317) 372-7402,
"EMP General Contractor, LLC","General Contractor, Concrete Contractors, Siding Contractors ...","Noblesville, IN 46060-4039",,A+,(317) 385-0536,
"Starcast General Contractors, LLC",General Contractor,"4609 N 800 E, Greenfield, IN 46140",,,(317) 509-8155,
"Dallman Contractors, LLC",General Contractor,"6367 Airway Dr Ste A, Indianapolis, IN 46241-6406",,,(317) 280-8940,
"Avouch Contractors, Inc.","General Contractor, Electrical Contractors, Remodeling ...","PO Box 66 232 N Main St, Maxwell, IN 46154-0066",,A+,(317) 326-5583,
9 Ether Energy General Contractors Llc,"General Contractor, Bathroom Remodel, Remodel Contractors ...","Camby, IN 46113",,A-,(317) 220-1786,
"Alsup General Contractors, LLC","General Contractor, Roofing Contractors, Construction Services ...","12855 N Paddock Rd, Camby, IN 46113-8556",,A+,(317) 513-9277,
"Mora's General Contractor, LLC","Fence Contractors, Wood Fences, Fence Services ...","Indianapolis, IN 46235-3621",,,(317) 993-4097,
"American Veteran Contractors, LLC","General Contractor, Painting Contractors, Fence Contractors ...","Indianapolis, IN 46221-4041",,B-,(317) 850-4903,
Sipes Residential Contractors,General Contractor,"623 Highpointe Blvd, Shelbyville, IN 46176",,D+,(317) 512-9035,
LBC General Contractor LLC,General Contractor,"2945 Horse Hill East Dr, Indianapolis, IN 46214-1539",,A-,(317) 560-3699,
"Pro-Quality Contractors, LLC","Construction, Roofing Contractors, General Contractor ...","545 Christy Dr, Ste 140, Greenwood, IN 46143",,A+,(317) 995-1238,
"Robert Decker, General Contractor",General Contractor,"11243 Red Bush Ct, Indianapolis, IN 46229",,A+,(317) 418-8513,
"G & H Contractors, LLC",General Contractor,"504 E 38th St Ste B, Anderson, IN 46013-4983",,A+,(765) 400-4165,
AMI Roofing Contractors,"Roofing Contractors, General Contractor, Siding Contractors ...","3802 W Industrial Blvd Ste 1, Bloomington, IN 47403-5141",,A+,(812) 327-2885,
Affordable Roofing Contractors,"Roofing Contractors, General Contractor, Gutters ...","3168 S US Hwy 231, Greencastle, IN 46135-8893",,A+,(765) 721-3253,
"Resolution General Contractors, LLC",Remodeling,"Clarks Hill, IN 47930-9272",,A+,(765) 394-7000,
"XP General Contractor, LLC","Remodeling, General Contractor, Interior Contractors","1123 Edgecombe Ave, Indianapolis, IN 46227-3207",,A,(317) 289-9659,
"Hoosier General Contractor, LLC","Roofing Contractors, General Contractor, Construction ...","1123 Edgecombe Ave, Indianapolis, IN 46227-3207",,A+,(317) 289-9659,
"Brass Legacy General Contractors, LLC",Handyman,"Kokomo, IN 46902-4546",,A,(765) 398-3901,
RMA General Contractors,"General Contractor, Drywall Contractors, Plastering Contractors ...","17 W Clinton St, Logansport, IN 46947-4717",,A+,(317) 281-8538,
"Banfield Building Contractors, Inc.",General Contractor,"5830 Mason Ln, Martinsville, IN 46151-7863",,,(317) 371-0743,
"Regal Contractors, LLC","Home Improvement, Roofing Contractors, General Contractor ...","1701 Shopp Avenue, New Castle, IN 47362-4152",,A+,(765) 575-4763,
"A C R Complete Contractor Services, LLC","General Contractor, Heating and Air Conditioning, Air Conditioning Contractors ...","10188 Riverwood Avenue, Noblesville, IN 46062-8810",,,(317) 773-7945,
"E W General Construction, LLC","General Contractor, Roofing Contractors, Landscape Contractors ...","8751 N Guilford Avenue, Indianapolis, IN 46240-1837",,,(317) 690-4852,
Preferred Contractors,General Contractor,"115 W Cherry St, New Paris, OH 45347",,A+,(765) 220-1206,
General Contractors Unlimited,General Contractor,"111 Heltonville Road West, Bedford, IN 47421-9384",,A+,(812) 278-1411,
Michael McMurray Contractor,General Contractor,"7 Chester Drive, Beech Grove, IN 46107",,A+,,
Premier Contractors,"Roofing Contractors, General Contractor, Construction Services ...","507 N Miami Ave, Sidney, OH 45365",,A+,(937) 492-7663,
"D Werner, General Contractors","General Contractor, Construction Services, Plumber ...","658 Cloverdale Ave, Cincinnati, OH 45246-2144",,A+,(513) 476-7204,
"General Improvement, Inc.",Roofing Contractors,"10640 E 96th Street, Fishers, IN 46037-4244",,A+,(317) 842-0619,
DBR Contractors,General Contractor,"Dayton, OH 45458",,A+,(937) 602-4999,
Baker General Contractors,General Contractor,"PO Box 881, Hamilton, OH 45012-0881",,,(513) 896-9020,
New Beginnings Commercial General Contractor,General Contractor,"13751 N Ayrshire Cir, Camby, IN 46113-9676",,A+,(317) 797-3899,
A FIST of Contractors,"Bathroom Design, General Contractor","Cincinnati, OH 45205-1726",,A+,(513) 492-1298,
"Arete General Contracting, LLC","Remodeling, General Contractor, Concrete Contractors ...","Indianapolis, IN 46220-1632",,A,(574) 209-0547,
"Ono Brothers General Contractors, Inc.","General Contractor, Construction Services, Home Improvement ...","3360 Commerce Dr, Columbus, IN 47201-2202",,A+,(812) 378-9095,
R & Sons General Contractors,General Contractor,"6171 Pocahontas St, Huber Heights, OH 45424",,,(937) 687-8039,
OSI Contractors,"General Contractor, Roofing Contractors, Construction Services ...","4016 Spurwood Cir, Fort Wayne, IN 46804-3988",,A+,(260) 760-5457,
Empire General Contractors,General Contractor,"4732 Bradwood Ter, Fort Wayne, IN 46815-6033",,F,(260) 310-0354,
Prestige General Contractors,Remodeling,"4402 SW Anthony Wayne Dr, Fort Wayne, IN 46806-4912",,A+,(260) 739-8382,
Peb Contractors LLC,General Contractor,"4974 OH-121, Greenville, OH 45331",,,(937) 547-0620,
Venture Mechanical Contractors,General Contractor,"1012 E Williams St, Danville, IL 61832-4136",,,(217) 442-7066,
Addison Contractors,General Contractor,"57 E. Harrison Ave, North Bend, OH 45052",,,(513) 616-1548,
Thomas Lawson Contractors,General Contractor,"674 James Ln, Walton, KY 41094-9516",,A+,(859) 485-9122,
CONTRACTORS CHOICE,"General Contractor, Electrical Contractors, Mechanical Contractors","2070 SCHAPPELLE LN, CINCINNATI, OH 45240-2713",,A+,(513) 851-9070,
Paul Rowlett Contractors Inc,General Contractor,"26713 Dog Ridge Rd, Brookville, IN 47012",,,(513) 260-8821,
Imperial General Contractors,"Concrete Contractors, Mason Contractors, Property Maintenance ...","3858 NorthBend, Cincinnati, OH 45211",,A+,(513) 510-3276,
JK Contractors,General Contractor,"2019 Northcreek Dr, Englewood, OH 45322",,A+,(937) 401-2442,
JCWW Contractors,General Contractor,"817 Applewood Road, Fort Wayne, IN 46825",,,(260) 497-0926,
"Smarrelli General Contractors, Inc.",General Contractor,"136 S 2nd St, Richmond, IN 47374-4214",,A+,(765) 962-1378,
Apex Contractor Solution Llc,General Contractor,"Indianapolis, IN 46217",,A+,(317) 628-8158,
"WBE Contractors, Inc.","General Contractor, Remodeling, Commercial Roofing","3701 W Jonathan Dr Ste 2, Bloomington, IN 47404-4836",,A+,(812) 333-5117,
MH Builder Contractors,General Contractor,"11546 New Biddinger Road, Harrison, OH 45030-9528",,,(513) 202-1180,
Centerline Contractors Llc,General Contractor,"23296 Mt Pleasant Rd, Lawrenceburg, IN 47025",,,(812) 290-3942,
Everybody's Contractors,General Contractor,"4027 Fairbanks Road, Dayton, OH 45406",,,,
"Schneider General Contractor, LLC",General Contractor,"12001 N. 825 West, Gaston, IN 47342",,,(765) 358-4749,
"BLS Contractors, LLC",General Contractor,"5961 E County Road 175 S, Bowling Green, IN 47833-8060",,,(812) 986-2560,
Ross General Contractors,General Contractor,"3551 E Galbraith Rd, Cincinnati, OH 45236-1437",,,(513) 284-5777,
Pro Contractors,General Contractor,"6145 Paddock CT, Franklin, OH 45005",,A+,(937) 286-9898,
"Fryman-Kuck General Contractors, Inc.",General Contractor,"PO Box 13655, Dayton, OH 45413",,A+,(937) 274-2892,
Hicks Contractors,General Contractor,"4244 Philadelphia Drive, Dayton, OH 45405",,,(937) 275-0127,
Cornerstone Brothers General Contractor,"Remodeling, Snow Removal Services","3774 N 450 W, Kokomo, IN 46901-9118",,A+,(765) 319-9024,
Flash Contractors,General Contractor,"Dayton, OH 45405",,,(937) 818-8625,
Evans Contractors,General Contractor,"Serving the Dayton/Miami Valley Area, Moraine, OH 45439",,,(937) 221-8336,
R&A General Remodeling,"Remodeling, Roofing Contractors, General Contractor ...","Indianapolis, IN 46254-5116",,A+,(317) 938-3524,
D.I.G. Contractors,"General Contractor, Roofing Contractors","2173 Crane Ave, Cincinnati, OH 45207-1320",,A+,(513) 478-9395,
L.E.B. Contractors,General Contractor,"804 Creighton Ave, Dayton, OH 45410",,,(937) 254-6009,
"Maximum Restoration General Contractors, LLC","Fire and Water Damage Restoration, Remodeling, Water Damage Restoration ...","5818 Wilmington Pike # 125, Centerville, OH 45459-7004",,A+,(937) 550-1038,
Thralls Brothers Contractors Inc,"General Contractor, Roofing Contractors, Concrete Contractors ...","7297 Old Paris Rd, West Terre Haute, IN 47885-9527",,A+,(812) 535-3334,
United Contractors Inc.,General Contractor,"1018 E Washington Blvd, Fort Wayne, IN 46803-3935",,,(260) 420-2076,
Bracken General Contractors,General Contractor,"4130 Linden Ave Ste 180 Pmb 1123, Beavercreek, OH 45432",,A-,(937) 422-5152,
"Blackwell Contractors, Inc.",General Contractor,"2572 S. Delila Star Dr, Bloomington, IN 47403",,A+,(812) 331-9999,
Tristate Contractors LLC,"General Contractor, Construction Services, Concrete Contractors ...","PO Box 181018, Fairfield, OH 45018-1018",,,(513) 889-9880,
Bailey General Contractors,"General Contractor, Construction Services","419 Old Branch Hill Miamiv Rd, Loveland, OH 45140-7527",,A+,(513) 617-6123,
R&B Contractors,General Contractor,"4243 Westwood Northern Blvd, Cincinnati, OH 45211-2445",,A+,(513) 546-0297,
MP General Contractors,"General Contractor, Roofing Contractors, Construction Services ...","Chicago, IL 60651-2009",,A+,(773) 629-1562,
Meyerrose Contractors Inc.,General Contractor,"6152 Springdale Road, Cincinnati, OH 45247",,A+,(513) 385-7329,
Rhecors General Contractors,General Contractor,"6604 Cleves Warsaw Pike, Cincinnati, OH 45233-4520",,F,(937) 879-7575,
KD’s General Services LLC,Remodel Contractors,"2927 Brill Road, Indianapolis, IN 46225",,A,(317) 626-2264,
Miami Valley Contractors,General Contractor,"3598 Poole Road, Cincinnati, OH 45251",,,(513) 385-2141,
A. Bennett Contractors,"General Contractor, Window Installation","98 Anderson Ferry Rd, Cincinnati, OH 45238-5909",,,(513) 451-7654,
Zang General Contractors Inc.,"Construction Services, Home Builders, Remodeling","6275 Starvue Dr, Cincinnati, OH 45248-2103",,A+,(513) 922-2686,
Kassem Brothers General Contractors,General Contractor,"7908 Jims Ct, West Chester, OH 45069-2272",,,(513) 351-5368,
E.P.I.C. Contractors,"General Contractor, Home Builders","411 Main Street, Milford, OH 45150",,,(513) 965-9555,
H & H General Contractors,"General Contractor, Construction Services","7571 Evans Road, Hillsboro, OH 45133",,A+,(937) 393-1024,
REO OnDemand General Contractors,"Remodel Contractors, General Contractor, Residential Air Conditioning Contractors","1746 Andina Ave, Cincinnati, OH 45237-6014",,A+,(513) 557-8763,
New Beginnings Contractors,General Contractor,"Middletown, OH 45044",,A,(513) 714-2425,
Dobson General Contractors LLC,General Contractor,"10141 Woodstock Dr, Wyoming, OH 45215",,F,(513) 544-1124,
L D CONTRACTORS,General Contractor,"1459 ELIJAH CREEK RD, HEBRON, KY 41048-9651",,,(859) 586-7750,
Trotta Contractors Inc.,General Contractor,"3222 Herbert Avenue, Cincinnati, OH 45211-5447",,,(513) 661-0644,
Two Women Contractors,"Construction Services, Drywall Contractors, Bathroom Remodel ...","5400 US Highway 62, Hillsboro, OH 45133-9514",,A+,(513) 967-2445,
Colston General Contractors,"General Contractor, Construction Services, Bathroom Remodel ...","On File With BBB, Crestwood, KY 40014",,A+,(502) 762-1200,
R G H General Contractors,Door Installation,"Brookville, OH 45309-8387",,A+,(937) 248-5680,
Dun-Right Contractors and Home Investments,"Home Improvement, Roofing Contractors, General Contractor ...","1232 State Route 28, Milford, OH 45150-2243",,B-,(513) 583-0493,
Drasco & Associates Contractors,General Contractor,"5 S Broadway St, Trotwood, OH 45426",,,(937) 837-8022,
CBL Contractors,General Contractor,"1452 N. Cable Rd, Lima, OH 45805",,,(419) 228-3626,
Martin and Martin Contractors,General Contractor,"1331 Spy Run Ave, Fort Wayne, IN 46805-4000",,,(260) 381-5645,
CONTRACTORS FOR HOME,General Contractor,"11145 OAK AVE, CINCINNATI, OH 45242-1963",,,(513) 885-7166,
Lippert Contractors,"General Contractor, Roofing Contractors, Drywall Contractors ...","4936 Pleasant Ridge Road, Alexandria, KY 41001",,,(859) 635-2976,
Off Leash Construction,General contractor,998 3rd Ave SW,4.8,,+1 765-295-6868,https://www.offleashconstruction.com/?utm_source=gbp
Omega Construction Development Inc,General contractor,12035 Hampton Ct,5.0,,+1 317-660-5242,https://omegaconstructionindy.com/
Black Tie Builders,Real Estate Builders & Construction Company,38 W Main St,5.0,,+1 317-207-2277,https://www.blacktiebuilders.com/
"The HomeWright, LLC",General contractor,275 Medical Dr #585,5.0,,+1 317-223-3070,http://www.thehomewright.com/
AJC General Contracting,General contractor,10255 Commerce Dr #255,5.0,,+1 463-207-8358,http://ajcindy.com/
Gemini General Contracting,Roofing contractor,1030 S Rangeline Rd Suite 120,4.4,,+1 317-575-6418,https://trustgemini.com/
UHQ Construction,Siding contractor,600 E Carmel Dr Suite 102,5.0,,+1 317-661-2991,https://unrushedhonestquality.com/?utm_source=gbp_carmel&utm_medium=organic&utm_campaign=local
Pabak Contractors LLC,Handyman/Handywoman/Handyperson,14466 Baldwin Ln,5.0,,+1 301-318-8438,http://pabakcontractors.com/
RLC construction llc,Real Estate Builders & Construction Company,,4.9,,+1 317-679-3404,https://rivaslconstruction.com/
"Performance Contracting, Inc.",Real Estate Builders & Construction Company,9810 Mayflower Park Dr,4.8,,+1 317-872-4812,https://www.performancecontracting.com/?utm_source=google&utm_medium=local-gmb&utm_campaign=pci-indianapolis-general
AY Remodeling & Restoration LLC,General contractor,14300 Whitworth Dr,5.0,,+1 317-828-1191,https://ayremodeling.co/
Worthington Design & Remodeling,Remodeler,99 E Carmel Dr SUITE 100,4.6,,+1 317-342-6696,https://worthingtonindy.com/
RISE Builders,General contractor,,5.0,,+1 317-680-6444,https://www.risebuildersllc.com/contact
Signature Construction,Real Estate Builders & Construction Company,385 City Center Dr Suite 100,5.0,,+1 317-817-0360,https://sigconstruction.com/
Old Town Design Group,Custom home builder,525 N End Dr Suite 100,4.9,,+1 317-816-3151,http://oldtowndesigngroup.com/?utm_source=google&utm_medium=organic&utm_campaign=gmb&utm_term=website
CMR General Contractor LLC,General contractor,550 Congressional Blvd Suite 350,5.0,,+1 317-697-0872,http://www.cmrgeneralcontractor.com/
Simpson Construction Services,General contractor,,4.6,,+1 317-703-9575,http://simpsonconstructionservices.com/
Blue Line Construction,General contractor,1097 3rd Ave SW,4.0,,+1 317-565-4160,https://www.bluelineconstructionco.com/
The Heartland Builders,General contractor,8345 Clearvista Pl Suite 100,5.0,,+1 317-420-2455,https://theheartlandbuilders.com/?utm_source=GMB&utm_medium=organic&utm_campaign=gmb
"Mr. Handyman of Zionsville, Carmel and Fishers",Handyman/Handywoman/Handyperson,1717 E 116th St Suite #202,4.9,,+1 317-680-7088,https://www.mrhandyman.com/zionsville-carmel-fishers/?cid=LSTL_MHM000197&utm_source=gmb&utm_campaign=local&utm_medium=organic
"The Oak Standard, LLC",General contractor,275 Medical Dr #4744,4.4,,+1 419-343-4212,http://theoakstandard.com/
"Exclusive Renovation, LLC-General Construction",Real Estate Builders & Construction Company,599 Industrial Dr #315,,,+1 317-565-7355,http://xreno.com/
Expert Roofing General Contractors,General contractor,,5.0,,+1 317-846-1662,http://expertindy.com/
Prime Exteriors,General contractor,55 4th St NW UNIT A,5.0,,+1 317-645-7704,https://www.primeexteriorscarmel.com/
LG Contractors,General contractor,,5.0,,+1 317-250-4590,
Majestic Construction,General contractor,550 Congressional Blvd Suite 115 PMB 32,5.0,,+1 317-617-5976,http://www.majesticbld.com/
Mandolin Rising Construction,Remodeler,,5.0,,+1 317-617-0536,http://www.mandolinrising.com/?utm_source=google&utm_medium=wix_google_business_profile&utm_campaign=6498982741739751605
"DB Klain Construction, LLC",General contractor,12839 Broad St UNIT 200,5.0,,+1 317-846-9992,http://www.dbklain.com/
Trim It Up LLC,General contractor,131 N Rangeline Rd,4.5,,+1 317-403-7543,http://www.trimitupllc.com/
Indy Home Experts,General contractor,13672 Stone Dr,4.4,,+1 317-289-7560,https://www.homeexpertsindy.com/
Everything Home,Remodeler,200 S Rangeline Rd Unit 107,4.9,,+1 317-660-1077,https://www.everythinghomedesigns.com/offerings?utm_source=google&utm_medium=organic&utm_campaign=gmb
HomeWorx Indy,General contractor,,5.0,,+1 317-733-7390,https://homeworxindy.com/
Custom Home Medic LLC,Kitchen remodeler,1093 3rd Ave SW,4.6,,+1 317-983-4963,http://customhomemedic.com/
Chateau Kitchens & Home Remodeling,Kitchen remodeler,301 E Carmel Dr,4.9,,+1 317-818-0497,http://chateaukitchens.com/
Becley Building Group,General contractor,4660 Lisborn Dr,5.0,,+1 317-514-6130,http://www.becleybg.com/
"Modern Touch Contracting, LLC",Real Estate Builders & Construction Company,22 E Washington St Suite 640 C,4.7,,+1 317-855-9930,https://mtcindyllc.com/
Craftsman Exterior Remodeling,Siding contractor,38 W Main St,4.9,,+1 317-919-2889,https://craftsmanexterior.com/?utm_source=GMBlisting&utm_medium=organic
Indiana Residential,General contractor,1131 Shelby St,4.4,,+1 800-601-4050,http://www.indianaresidential.com/
The Painting Edge,Painter,510 N Rangeline Rd,5.0,,+1 317-846-1107,https://thepaintingedge.com/
BuildSmart Construction,Real Estate Builders & Construction Company,230 N Rangeline Rd,5.0,,+1 317-296-8090,http://indybuildsmart.com/
Christopher Scott Homes,General contractor,880 Monon Grn Blvd Ste 47,4.9,,+1 317-590-7961,http://www.cshomes.com/
Ridgeline General Contractors,General contractor,627 Sheridan Rd,4.6,,+1 317-967-3539,https://www.ridgelinegc.net/
"Innovative Maintenance Solutions, Inc",General contractor,1010 3rd Ave SW Suite #114,5.0,,+1 317-975-0275,http://indyims.com/
"Centennial Construction & Remodeling Services, Inc.",General contractor,17265 Harger Ct #113,4.3,,+1 317-848-7634,https://www.centennialconstructionremodeling.com/?utm_source=google&utm_medium=organic&utm_campaign=gmb
"Hoosier Remodelers, LLC",Contractor,,5.0,,+1 317-601-9726,
"Equity Remodel Co, LLC",Contractor,260 Gradle Dr,5.0,,+1 317-316-7042,
Wedgewood Building Company,Custom home builder,32 1st St NE,4.0,,+1 317-669-6300,http://www.wedgewoodbc.com/
"Kort Builders, Inc.",General contractor,8709 Castle Park Dr,4.9,,+1 317-872-4181,https://kortbuilders.com/
Shamrock Builders,Real Estate Builders & Construction Company,9800 Westpoint Dr Ste 200,4.6,,+1 317-558-8750,https://shamrockbuilders.com/?utm_source=NEXT&utm_medium=google_website
GEMCO,Mechanical contractor,475 Gradle Dr,4.5,,+1 317-846-9299,http://www.wearegemco.com/
"CRG Residential, LLC",Real Estate Builders & Construction Company,805 City Center Dr #160,2.9,,+1 317-575-9400,http://crgresidential.com/
Surroundings by Natureworks+,Remodeler,200 S Rangeline Rd #129,4.9,,+1 317-575-0482,https://choosesurroundings.com/
Chapman Custom Baths,Bathroom remodeler,600 E Carmel Dr SUITE 153,5.0,,+1 317-406-5655,https://www.chapmancustombaths.com/?utm_source=google&utm_medium=organic&utm_campaign=gmb-carmel
Lansing Building Products,Window installation service,9801 Mayflower Park Dr SUITE 100,4.8,,+1 317-241-4327,https://www.lansingnow.com/
Gonzalez Home Improvement - Mauricio Gonzalez & Cecilia Gonzalez,General contractor,133 W 161st St,5.0,,+1 317-313-0659,http://gonzalez-construction.com/
Construction Services of Indpls,General contractor,6333 Allisonville Rd,4.4,,+1 317-590-8620,http://www.constructionservicesofindpls.com/construction-contact-us
Armor Contracting LLC,Roofing contractor,,5.0,,+1 317-379-2825,https://www.armorcontracting.com/
"Big Dog Contracting, LLC",General contractor,,3.7,,+1 317-557-3808,
"CTI Construction, LLC",General contractor,1016 3rd Ave SW Ste 200,,,+1 317-573-6281,http://cticonstructionllc.com/
The Trim Wright,General contractor,4206 W 146th St,5.0,,+1 463-223-5324,http://www.thetrimwright.com/
Alt Construction LLC,Real Estate Builders & Construction Company,10650 N Bennett Pkwy Ext Suite: 200,5.0,,+1 317-253-1251,http://www.altconstruction.com/
RH Contracting,General contractor,3815 River Crossing Pkwy #100,5.0,,+1 317-520-3233,http://www.yourindycontractor.com/
Arrow Construction,Roofing contractor,150 W Hawthorne St,5.0,,+1 317-331-8762,http://www.arrowbuilds.com/
Kellers Roofing & Restoration LLC,General contractor,597 Industrial Dr Suite 311,4.7,,+1 317-765-0185,https://kellersroofing.com/
DGC Contracting LLC,General contractor,,5.0,,+1 317-363-4033,https://dgccontractingllc.com/
Rodriguez Flooring Indiana LLC,Custom home builder,133 Pine View Dr,5.0,,+1 317-629-7608,
Preferred Home Improvements,Painter,531 2nd Ave NE,4.9,,+1 317-764-4220,https://www.preferredhomeimprovementsco.com/
Benjamin Design Build,General contractor,17520 Dartown Rd #638,5.0,,+1 260-449-5590,https://www.benjamindesignbuild.com/
All Seasons Roofing & Restoration,Roofing contractor,,4.8,,+1 317-437-1944,https://goroofrepair.com/
Sho-Pro of Indiana & Bath Planet of Indianapolis,Bathroom remodeler,12262 Hancock St,4.5,,+1 317-676-1811,http://www.sho-proinc.com/
"Green Trade Contracting, Inc.",General contractor,,5.0,,+1 317-413-6600,https://greentradecontracting.com/
Myers Roofing & Exteriors,Roofing contractor,13295 Illinois St Suite 315,5.0,,+1 317-942-0883,https://www.myersexteriors.com/
GRAND Contracting,General contractor,802 E 86th St,5.0,,+1 317-552-2300,https://www.grandcontracting.net/
Meyer Najem Construction,Real Estate Builders & Construction Company,11787 Lantern Rd UNIT 100,4.7,,+1 317-577-0007,http://www.meyer-najem.com/
Sigma Builders,Custom home builder,4630 Lisborn Dr,4.4,,+1 317-203-3070,http://www.sigmabuildersllc.com/
The Guy Corporation,Custom home builder,150 Vista Pkwy,4.9,,+1 317-272-2236,https://guycohomes.com/
Indy Roof & Restoration,Roofing Service,5240 Elmwood Avenue,4.9,,(317) 659-8361,https://www.googleadservices.com/aclk?sa=l&ai=DChcSEwjY85LdnNqMAxUwWkgAHSSmFTcYABAIGgJjZQ&co=1&ase=2&gclid=EAIaIQobChMI2POS3ZzajAMVMFpIAB0kphU3EBAYASAAEgJNpfD_BwE&sig=AOD64_3v85QExw0AMTouf8kiZtnrz_MJlQ&adurl&q&ctype=99&nis=6
Diyanni Homes,Custom home builder,14028 Grannan Lane,,,(317) 344-0344,https://www.googleadservices.com/aclk?sa=l&ai=DChcSEwjY85LdnNqMAxUwWkgAHSSmFTcYABAAGgJjZQ&co=1&ase=2&gclid=EAIaIQobChMI2POS3ZzajAMVMFpIAB0kphU3EBAYAiAAEgJH__D_BwE&sig=AOD64_0kGNrnh-H5rAlGfrb_p1JC8FkorA&adurl&q&ctype=99&nis=6
Panthers Construction,Real Estate Builders & Construction Company,,5.0,,+1 317-453-9202,http://panthers-construction.com/
Homestead Construction and Remodeling,Bathroom remodeler,8505 Zionsville Rd Ste B,5.0,,+1 317-281-4363,https://homesteadconstructionin.com/
Wallace Construction Group LLC,General contractor,11650 Olio Rd suite 1000-205,4.4,,+1 317-747-7063,http://www.wallaceconstructiongroup.com/
Renovation Sells North Indianapolis,General contractor,,,,+1 463-283-5858,https://renovationsells.com/location/north-indianapolis/
"Performance Services, Inc.",Real Estate Builders & Construction Company,4670 Haven Point Blvd,5.0,,+1 317-713-1750,https://www.performanceservices.com/indiana/
Aventus Builders,Real Estate Builders & Construction Company,8459 Castlewood Dr STE D,4.7,,+1 317-373-2980,https://www.aventusg.com/
"William Gordon Group, Inc.",Kitchen remodeler,811 W Main St #200,5.0,,+1 317-361-3191,https://www.williamgordongroup.com/
Proliance General Contractors & Roofing Indianapolis,Roofing contractor,9465 Counselors Row Suite 2,3.9,,+1 800-613-4373,https://www.proliancegc.com/roofing-indianapolis/
"Myers Construction Management, Inc.",General contractor,13518 Myrtle Ln,5.0,,+1 317-773-3590,http://www.myerscm.com/
Thomas Jefferson Roofing,General contractor,1010 3rd Ave SW # 209,4.5,,+1 317-846-3598,https://www.thomasjeffersonroofing.com/
"Maynor Construction, LLC",Real Estate Builders & Construction Company,6326 Rucker Rd # B,4.1,,+1 317-220-7738,http://www.maynorconstruction.com/
Old Town Companies,Real estate developer,525 N End Dr Suite 100,5.0,,+1 317-660-4442,https://www.oldtowncompanies.com/
F.C.C. Development Corp,General contractor,13590B N Meridian St #100,,,+1 317-846-5800,https://fccdevelopment.com/
Nicholas Design Build,Remodeler,12502 Promise Creek Ln #434,4.9,,+1 317-779-3929,https://www.nicholasdesignbuild.com/
MBA Construction,Real Estate Builders & Construction Company,11585 N Pennsylvania St,1.0,,+1 317-536-0700,https://www.mba.construction/
Basic Construction,General contractor,2201 E 46th St #147,4.7,,+1 317-505-1030,https://basic-construction.com/?utm_source=google&utm_medium=organic&utm_campaign=gmb
